Ime,Prezime,Broj,Datum,Vrijeme,Zahvat
Lucija,Sutic,0976548543,2025-05-15,09:00,Njega lica -> 28€
Toni,Lukic,0985655655,2025-05-09,10:00,Fizio terapija -> 35€
Toni,Lukic,0976984839,17-09-2025,11:00,Laserska depilacija -> 50€
Nikola,Lukic,0976984839,14-05-2025,10:00,Masaža -> 30€
Ivana,I,1,16-07-2025,10:00,Fizio terapija -> 35€
Nikola,Lukic,0953603606,30-05-2025,11:00,Masaža -> 30€
Nikola,Lukic,0953603606,06-05-2025,11:00,Fizio terapija -> 35€
Lukrecija,Lukic,09755555,15-05-2024,10:00,Fizio terapija -> 35€
Antonio,Ljutic,0976984839,17-05-2025,09:00,Masaža -> 30€
Nikola,Lukic,0953603606,19-05-2025,08:00,Masaža -> 30€
Antonio,Mihic,0976984839,20-06-2025,10:00,Fizio terapija -> 35€
Nikola,Nikic,0975984583,22-05-2025,10:00,Masaža -> 30€
Lucija,Nikolic,0976984839,22-05-2025,13:00,Fizio terapija -> 35€
Lucija,Nikolic,0976984839,19-05-2025,11:00,Fizio terapija -> 35€
Lucija,Nikolic,0976984839,23-05-2025,10:00,Njega lica -> 28€
Laura,Ronin,0953603522,21-05-2025,16:00,Masaža -> 30€
Barbara,Muhic,0976984839,22-05-2025,14:00,Trepavice -> 25€
Ivan,Mihalic,0976984839,22-05-2025,15:00,Fizio terapija -> 35€
