Ime,Prezime,Broj,Nadimak,Lozinka
Nikola,Lukic,0953603606,Niksa,#Niksa123
Ivana,Nikolic,0976984839,Ivana7,#Ivana7
Barbara,Mihič,095663662,Bara,#Bara123
Nikolina,Barić,0985565556,Nikolina,#Nikolina123
Tomislav,Bakić,0976984893,Toma,#T1
Kristijan,Jakič,0976984839,Kiki,#K1
Tomislav,Lukič,0976984839,Toma,#T1
Luka,Kordic,0976984839,Luka,#L1
L,L,5546,4654,#T1
Antonio,Lukic,0976984839,Toni,#Toni123
Antonio,Lukina,0976984839,Toni,#Toni12
Nikolina,Nikolič,0976984839,Nikolina,#N123
Ivica,Lovrić,0976984839,I12,#I12
Kristijan,Kisan,0666666,Kiki,#Kiki123
